"支払年月日","返済金額","毎月返済額(元本)","毎月返済額(会員手数料)","増額返済額(元本)","増額返済額(会員手数料)","金利","翌月繰越残高"
"2022/01/27","9611","7186","2425","-","-","1.94","1492814"
"2022/02/27","9611","7198","2413","-","-","1.94","1485616"
"2022/03/27","9611","7210","2401","-","-","1.94","1478406"
"2022/04/27","9611","7221","2390","-","-","1.94","1471185"
"2022/05/27","9611","7233","2378","-","-","1.94","1463952"
"2022/06/27","9611","7245","2366","-","-","1.94","1456707"
"2022/07/27","9611","7256","2355","-","-","1.94","1449451"
"2022/08/27","9611","7268","2343","-","-","1.94","1442183"
"2022/09/27","9611","7280","2331","-","-","1.94","1434903"
"2022/10/27","9611","7292","2319","-","-","1.94","1427611"
"2022/11/27","9611","7304","2307","-","-","1.94","1420307"
"2022/12/27","9611","7315","2296","-","-","1.94","1412992"
"2023/01/27","9611","7327","2284","-","-","1.94","1405665"
"2023/02/27","9611","7339","2272","-","-","1.94","1398326"
"2023/03/27","9611","7351","2260","-","-","1.94","1390975"
"2023/04/27","9611","7363","2248","-","-","1.94","1383612"
"2023/05/27","9611","7375","2236","-","-","1.94","1376237"
"2023/06/27","9611","7387","2224","-","-","1.94","1368850"
"2023/07/27","9611","7399","2212","-","-","1.94","1361451"
"2023/08/27","9611","7410","2201","-","-","1.94","1354041"
"2023/09/27","9611","7422","2189","-","-","1.94","1346619"
"2023/10/27","9611","7434","2177","-","-","1.94","1339185"
"2023/11/27","9611","7446","2165","-","-","1.94","1331739"
"2023/12/27","9611","7459","2152","-","-","1.94","1324280"
"2024/01/27","9611","7471","2140","-","-","1.94","1316809"
"2024/02/27","9611","7483","2128","-","-","1.94","1309326"
"2024/03/27","9611","7495","2116","-","-","1.94","1301831"
"2024/04/27","9611","7507","2104","-","-","1.94","1294324"
"2024/05/27","9611","7519","2092","-","-","1.94","1286805"
"2024/06/27","9611","7531","2080","-","-","1.94","1279274"
"2024/07/27","9611","7543","2068","-","-","1.94","1271731"
"2024/08/27","9611","7556","2055","-","-","1.94","1264175"
"2024/09/27","9611","7568","2043","-","-","1.94","1256607"
"2024/10/27","9611","7580","2031","-","-","1.94","1249027"
"2024/11/27","9611","7592","2019","-","-","1.94","1241435"
"2024/12/27","9611","7605","2006","-","-","1.94","1233830"
"2025/01/27","9611","7617","1994","-","-","1.94","1226213"
"2025/02/27","9611","7629","1982","-","-","1.94","1218584"
"2025/03/27","9611","7641","1970","-","-","1.94","1210943"
"2025/04/27","9611","7654","1957","-","-","1.94","1203289"
"2025/05/27","9611","7666","1945","-","-","1.94","1195623"
"2025/06/27","9611","7679","1932","-","-","1.94","1187944"
"2025/07/27","9611","7691","1920","-","-","1.94","1180253"
"2025/08/27","9611","7703","1908","-","-","1.94","1172550"
"2025/09/27","9611","7716","1895","-","-","1.94","1164834"
"2025/10/27","9611","7728","1883","-","-","1.94","1157106"
"2025/11/27","9611","7741","1870","-","-","1.94","1149365"
"2025/12/27","9611","7753","1858","-","-","1.94","1141612"
"2026/01/27","9611","7766","1845","-","-","1.94","1133846"
"2026/02/27","9611","7778","1833","-","-","1.94","1126068"
"2026/03/27","9611","7791","1820","-","-","1.94","1118277"
"2026/04/27","9611","7804","1807","-","-","1.94","1110473"
"2026/05/27","9611","7816","1795","-","-","1.94","1102657"
"2026/06/27","9611","7829","1782","-","-","1.94","1094828"
"2026/07/27","9611","7842","1769","-","-","1.94","1086986"
"2026/08/27","9611","7854","1757","-","-","1.94","1079132"
"2026/09/27","9611","7867","1744","-","-","1.94","1071265"
"2026/10/27","9611","7880","1731","-","-","1.94","1063385"
"2026/11/27","9611","7892","1719","-","-","1.94","1055493"
"2026/12/27","9611","7905","1706","-","-","1.94","1047588"
"2027/01/27","9611","7918","1693","-","-","1.94","1039670"
"2027/02/27","9611","7931","1680","-","-","1.94","1031739"
"2027/03/27","9611","7944","1667","-","-","1.94","1023795"
"2027/04/27","9611","7956","1655","-","-","1.94","1015839"
"2027/05/27","9611","7969","1642","-","-","1.94","1007870"
"2027/06/27","9611","7982","1629","-","-","1.94","999888"
"2027/07/27","9611","7995","1616","-","-","1.94","991893"
"2027/08/27","9611","8008","1603","-","-","1.94","983885"
"2027/09/27","9611","8021","1590","-","-","1.94","975864"
"2027/10/27","9611","8034","1577","-","-","1.94","967830"
"2027/11/27","9611","8047","1564","-","-","1.94","959783"
"2027/12/27","9611","8060","1551","-","-","1.94","951723"
"2028/01/27","9611","8073","1538","-","-","1.94","943650"
"2028/02/27","9611","8086","1525","-","-","1.94","935564"
"2028/03/27","9611","8099","1512","-","-","1.94","927465"
"2028/04/27","9611","8112","1499","-","-","1.94","919353"
"2028/05/27","9611","8125","1486","-","-","1.94","911228"
"2028/06/27","9611","8138","1473","-","-","1.94","903090"
"2028/07/27","9611","8152","1459","-","-","1.94","894938"
"2028/08/27","9611","8165","1446","-","-","1.94","886773"
"2028/09/27","9611","8178","1433","-","-","1.94","878595"
"2028/10/27","9611","8191","1420","-","-","1.94","870404"
"2028/11/27","9611","8204","1407","-","-","1.94","862200"
"2028/12/27","9611","8218","1393","-","-","1.94","853982"
"2029/01/27","9611","8231","1380","-","-","1.94","845751"
"2029/02/27","9611","8244","1367","-","-","1.94","837507"
"2029/03/27","9611","8258","1353","-","-","1.94","829249"
"2029/04/27","9611","8271","1340","-","-","1.94","820978"
"2029/05/27","9611","8284","1327","-","-","1.94","812694"
"2029/06/27","9611","8298","1313","-","-","1.94","804396"
"2029/07/27","9611","8311","1300","-","-","1.94","796085"
"2029/08/27","9611","8324","1287","-","-","1.94","787761"
"2029/09/27","9611","8338","1273","-","-","1.94","779423"
"2029/10/27","9611","8351","1260","-","-","1.94","771072"
"2029/11/27","9611","8365","1246","-","-","1.94","762707"
"2029/12/27","9611","8378","1233","-","-","1.94","754329"
"2030/01/27","9611","8392","1219","-","-","1.94","745937"
"2030/02/27","9611","8406","1205","-","-","1.94","737531"
"2030/03/27","9611","8419","1192","-","-","1.94","729112"
"2030/04/27","9611","8433","1178","-","-","1.94","720679"
"2030/05/27","9611","8446","1165","-","-","1.94","712233"
"2030/06/27","9611","8460","1151","-","-","1.94","703773"
"2030/07/27","9611","8474","1137","-","-","1.94","695299"
"2030/08/27","9611","8487","1124","-","-","1.94","686812"
"2030/09/27","9611","8501","1110","-","-","1.94","678311"
"2030/10/27","9611","8515","1096","-","-","1.94","669796"
"2030/11/27","9611","8529","1082","-","-","1.94","661267"
"2030/12/27","9611","8542","1069","-","-","1.94","652725"
"2031/01/27","9611","8556","1055","-","-","1.94","644169"
"2031/02/27","9611","8570","1041","-","-","1.94","635599"
"2031/03/27","9611","8584","1027","-","-","1.94","627015"
"2031/04/27","9611","8598","1013","-","-","1.94","618417"
"2031/05/27","9611","8612","999","-","-","1.94","609805"
"2031/06/27","9611","8626","985","-","-","1.94","601179"
"2031/07/27","9611","8640","971","-","-","1.94","592539"
"2031/08/27","9611","8654","957","-","-","1.94","583885"
"2031/09/27","9611","8668","943","-","-","1.94","575217"
"2031/10/27","9611","8682","929","-","-","1.94","566535"
"2031/11/27","9611","8696","915","-","-","1.94","557839"
"2031/12/27","9611","8710","901","-","-","1.94","549129"
"2032/01/27","9611","8724","887","-","-","1.94","540405"
"2032/02/27","9611","8738","873","-","-","1.94","531667"
"2032/03/27","9611","8752","859","-","-","1.94","522915"
"2032/04/27","9611","8766","845","-","-","1.94","514149"
"2032/05/27","9611","8780","831","-","-","1.94","505369"
"2032/06/27","9611","8794","817","-","-","1.94","496575"
"2032/07/27","9611","8809","802","-","-","1.94","487766"
"2032/08/27","9611","8823","788","-","-","1.94","478943"
"2032/09/27","9611","8837","774","-","-","1.94","470106"
"2032/10/27","9611","8851","760","-","-","1.94","461255"
"2032/11/27","9611","8866","745","-","-","1.94","452389"
"2032/12/27","9611","8880","731","-","-","1.94","443509"
"2033/01/27","9611","8894","717","-","-","1.94","434615"
"2033/02/27","9611","8909","702","-","-","1.94","425706"
"2033/03/27","9611","8923","688","-","-","1.94","416783"
"2033/04/27","9611","8938","673","-","-","1.94","407845"
"2033/05/27","9611","8952","659","-","-","1.94","398893"
"2033/06/27","9611","8967","644","-","-","1.94","389926"
"2033/07/27","9611","8981","630","-","-","1.94","380945"
"2033/08/27","9611","8996","615","-","-","1.94","371949"
"2033/09/27","9611","9010","601","-","-","1.94","362939"
"2033/10/27","9611","9025","586","-","-","1.94","353914"
"2033/11/27","9611","9039","572","-","-","1.94","344875"
"2033/12/27","9611","9054","557","-","-","1.94","335821"
"2034/01/27","9611","9069","542","-","-","1.94","326752"
"2034/02/27","9611","9083","528","-","-","1.94","317669"
"2034/03/27","9611","9098","513","-","-","1.94","308571"
"2034/04/27","9611","9113","498","-","-","1.94","299458"
"2034/05/27","9611","9127","484","-","-","1.94","290331"
"2034/06/27","9611","9142","469","-","-","1.94","281189"
"2034/07/27","9611","9157","454","-","-","1.94","272032"
"2034/08/27","9611","9172","439","-","-","1.94","262860"
"2034/09/27","9611","9187","424","-","-","1.94","253673"
"2034/10/27","9611","9201","410","-","-","1.94","244472"
"2034/11/27","9611","9216","395","-","-","1.94","235256"
"2034/12/27","9611","9231","380","-","-","1.94","226025"
"2035/01/27","9611","9246","365","-","-","1.94","216779"
"2035/02/27","9611","9261","350","-","-","1.94","207518"
"2035/03/27","9611","9276","335","-","-","1.94","198242"
"2035/04/27","9611","9291","320","-","-","1.94","188951"
"2035/05/27","9611","9306","305","-","-","1.94","179645"
"2035/06/27","9611","9321","290","-","-","1.94","170324"
"2035/07/27","9611","9336","275","-","-","1.94","160988"
"2035/08/27","9611","9351","260","-","-","1.94","151637"
"2035/09/27","9611","9366","245","-","-","1.94","142271"
"2035/10/27","9611","9381","230","-","-","1.94","132890"
"2035/11/27","9611","9397","214","-","-","1.94","123493"
"2035/12/27","9611","9412","199","-","-","1.94","114081"
"2036/01/27","9611","9427","184","-","-","1.94","104654"
"2036/02/27","9611","9442","169","-","-","1.94","95212"
"2036/03/27","9611","9458","153","-","-","1.94","85754"
"2036/04/27","9611","9473","138","-","-","1.94","76281"
"2036/05/27","9611","9488","123","-","-","1.94","66793"
"2036/06/27","9611","9504","107","-","-","1.94","57289"
"2036/07/27","9611","9519","92","-","-","1.94","47770"
"2036/08/27","9611","9534","77","-","-","1.94","38236"
"2036/09/27","9611","9550","61","-","-","1.94","28686"
"2036/10/27","9611","9565","46","-","-","1.94","19121"
"2036/11/27","9611","9581","30","-","-","1.94","9540"
"2036/12/27","9555","9540","15","-","-","1.94","0"
